FIRST_NAME,LAST_NAME,EMAIL,PHONE_NUMBER
John,Doe,john.doe@example.com,1234567890
Jane,Smith,jane.smith@example.com,0987654321
Michael,Johnson,michael.johnson@example.com,2345678901
Emily,Williams,emily.williams@example.com,3456789012
David,Brown,david.brown@example.com,4567890123
Sarah,Jones,sarah.jones@example.com,5678901234
Daniel,Miller,daniel.miller@example.com,6789012345
Olivia,Davis,olivia.davis@example.com,7890123456
Matthew,Garcia,matthew.garcia@example.com,8901234567
Sophia,Martinez,sophia.martinez@example.com,9012345678
Andrew,Rodriguez,andrew.rodriguez@example.com,1123456789
Isabella,Hernandez,isabella.hernandez@example.com,2234567890
Christopher,Lopez,christopher.lopez@example.com,3345678901
Mia,Gonzalez,mia.gonzalez@example.com,4456789012
Joshua,Wilson,joshua.wilson@example.com,5567890123
Charlotte,Anderson,charlotte.anderson@example.com,6678901234